Package,LibPath,Version,Priority,Built
abind,/Library/Frameworks/R.framework/Versions/4.2/Resources/library,1.4-5,NA,4.2.0
airway,/Library/Frameworks/R.framework/Versions/4.2/Resources/library,1.16.0,NA,4.2.1
amap,/Library/Frameworks/R.framework/Versions/4.2/Resources/library,0.8-18,NA,4.2.0
annotate,/Library/Frameworks/R.framework/Versions/4.2/Resources/library,1.74.0,NA,4.2.0
AnnotationDbi,/Library/Frameworks/R.framework/Versions/4.2/Resources/library,1.58.0,NA,4.2.0
AnnotationFilter,/Library/Frameworks/R.framework/Versions/4.2/Resources/library,1.20.0,NA,4.2.0
AnnotationForge,/Library/Frameworks/R.framework/Versions/4.2/Resources/library,1.38.0,NA,4.2.0
ape,/Library/Frameworks/R.framework/Versions/4.2/Resources/library,5.6-2,NA,4.2.0
apeglm,/Library/Frameworks/R.framework/Versions/4.2/Resources/library,1.18.0,NA,4.2.0
aplot,/Library/Frameworks/R.framework/Versions/4.2/Resources/library,0.1.6,NA,4.2.0
aroma.light,/Library/Frameworks/R.framework/Versions/4.2/Resources/library,3.26.0,NA,4.2.0
ash,/Library/Frameworks/R.framework/Versions/4.2/Resources/library,1.0-15,NA,4.2.0
ashr,/Library/Frameworks/R.framework/Versions/4.2/Resources/library,2.2-54,NA,4.2.0
askpass,/Library/Frameworks/R.framework/Versions/4.2/Resources/library,1.1,NA,4.2.0
assertthat,/Library/Frameworks/R.framework/Versions/4.2/Resources/library,0.2.1,NA,4.2.0
babelgene,/Library/Frameworks/R.framework/Versions/4.2/Resources/library,22.3,NA,4.2.0
backports,/Library/Frameworks/R.framework/Versions/4.2/Resources/library,1.4.1,NA,4.2.0
base,/Library/Frameworks/R.framework/Versions/4.2/Resources/library,4.2.1,base,4.2.1
base64,/Library/Frameworks/R.framework/Versions/4.2/Resources/library,2.0,NA,4.2.0
base64enc,/Library/Frameworks/R.framework/Versions/4.2/Resources/library,0.1-3,NA,4.2.0
base64url,/Library/Frameworks/R.framework/Versions/4.2/Resources/library,1.4,NA,4.2.0
batchtools,/Library/Frameworks/R.framework/Versions/4.2/Resources/library,0.9.15,NA,4.2.0
BayesFactor,/Library/Frameworks/R.framework/Versions/4.2/Resources/library,0.9.12-4.4,NA,4.2.0
bayestestR,/Library/Frameworks/R.framework/Versions/4.2/Resources/library,0.12.1,NA,4.2.0
bbmle,/Library/Frameworks/R.framework/Versions/4.2/Resources/library,1.0.25,NA,4.2.0
bdsmatrix,/Library/Frameworks/R.framework/Versions/4.2/Resources/library,1.3-6,NA,4.2.0
beachmat,/Library/Frameworks/R.framework/Versions/4.2/Resources/library,2.12.0,NA,4.2.0
beanplot,/Library/Frameworks/R.framework/Versions/4.2/Resources/library,1.3.1,NA,4.2.0
beeswarm,/Library/Frameworks/R.framework/Versions/4.2/Resources/library,0.4.0,NA,4.2.0
BH,/Library/Frameworks/R.framework/Versions/4.2/Resources/library,1.78.0-0,NA,4.2.0
Biobase,/Library/Frameworks/R.framework/Versions/4.2/Resources/library,2.56.0,NA,4.2.0
BiocFileCache,/Library/Frameworks/R.framework/Versions/4.2/Resources/library,2.4.0,NA,4.2.0
BiocGenerics,/Library/Frameworks/R.framework/Versions/4.2/Resources/library,0.42.0,NA,4.2.0
BiocIO,/Library/Frameworks/R.framework/Versions/4.2/Resources/library,1.6.0,NA,4.2.0
BiocManager,/Library/Frameworks/R.framework/Versions/4.2/Resources/library,1.30.18,NA,4.2.0
BiocNeighbors,/Library/Frameworks/R.framework/Versions/4.2/Resources/library,1.14.0,NA,4.2.0
BiocParallel,/Library/Frameworks/R.framework/Versions/4.2/Resources/library,1.30.3,NA,4.2.0
BiocSingular,/Library/Frameworks/R.framework/Versions/4.2/Resources/library,1.12.0,NA,4.2.0
BiocStyle,/Library/Frameworks/R.framework/Versions/4.2/Resources/library,2.24.0,NA,4.2.0
BiocVersion,/Library/Frameworks/R.framework/Versions/4.2/Resources/library,3.15.2,NA,4.2.0
biocViews,/Library/Frameworks/R.framework/Versions/4.2/Resources/library,1.64.1,NA,4.2.1
biomaRt,/Library/Frameworks/R.framework/Versions/4.2/Resources/library,2.52.0,NA,4.2.0
Biostrings,/Library/Frameworks/R.framework/Versions/4.2/Resources/library,2.64.0,NA,4.2.0
biovizBase,/Library/Frameworks/R.framework/Versions/4.2/Resources/library,1.44.0,NA,4.2.0
bit,/Library/Frameworks/R.framework/Versions/4.2/Resources/library,4.0.4,NA,4.2.0
bit64,/Library/Frameworks/R.framework/Versions/4.2/Resources/library,4.0.5,NA,4.2.0
bitops,/Library/Frameworks/R.framework/Versions/4.2/Resources/library,1.0-7,NA,4.2.0
blob,/Library/Frameworks/R.framework/Versions/4.2/Resources/library,1.2.3,NA,4.2.0
bookdown,/Library/Frameworks/R.framework/Versions/4.2/Resources/library,0.27,NA,4.2.0
boot,/Library/Frameworks/R.framework/Versions/4.2/Resources/library,1.3-28,recommended,4.2.1
brew,/Library/Frameworks/R.framework/Versions/4.2/Resources/library,1.0-7,NA,4.2.0
brio,/Library/Frameworks/R.framework/Versions/4.2/Resources/library,1.1.3,NA,4.2.0
broom,/Library/Frameworks/R.framework/Versions/4.2/Resources/library,1.0.0,NA,4.2.0
bslib,/Library/Frameworks/R.framework/Versions/4.2/Resources/library,0.4.0,NA,4.2.0
bumphunter,/Library/Frameworks/R.framework/Versions/4.2/Resources/library,1.38.0,NA,4.2.0
cachem,/Library/Frameworks/R.framework/Versions/4.2/Resources/library,1.0.6,NA,4.2.0
Cairo,/Library/Frameworks/R.framework/Versions/4.2/Resources/library,1.6-0,NA,4.2.0
callr,/Library/Frameworks/R.framework/Versions/4.2/Resources/library,3.7.1,NA,4.2.0
car,/Library/Frameworks/R.framework/Versions/4.2/Resources/library,3.1-0,NA,4.2.0
carData,/Library/Frameworks/R.framework/Versions/4.2/Resources/library,3.0-5,NA,4.2.0
caret,/Library/Frameworks/R.framework/Versions/4.2/Resources/library,6.0-92,NA,4.2.0
Category,/Library/Frameworks/R.framework/Versions/4.2/Resources/library,2.62.0,NA,4.2.0
caTools,/Library/Frameworks/R.framework/Versions/4.2/Resources/library,1.18.2,NA,4.2.0
cba,/Library/Frameworks/R.framework/Versions/4.2/Resources/library,0.2-21,NA,4.2.0
cellranger,/Library/Frameworks/R.framework/Versions/4.2/Resources/library,1.1.0,NA,4.2.0
checkmate,/Library/Frameworks/R.framework/Versions/4.2/Resources/library,2.1.0,NA,4.2.0
circlize,/Library/Frameworks/R.framework/Versions/4.2/Resources/library,0.4.15,NA,4.2.0
class,/Library/Frameworks/R.framework/Versions/4.2/Resources/library,7.3-20,recommended,4.2.1
cli,/Library/Frameworks/R.framework/Versions/4.2/Resources/library,3.3.0,NA,4.2.0
clipr,/Library/Frameworks/R.framework/Versions/4.2/Resources/library,0.8.0,NA,4.2.0
clue,/Library/Frameworks/R.framework/Versions/4.2/Resources/library,0.3-61,NA,4.2.0
cluster,/Library/Frameworks/R.framework/Versions/4.2/Resources/library,2.1.3,recommended,4.2.1
clusterProfiler,/Library/Frameworks/R.framework/Versions/4.2/Resources/library,4.4.4,NA,4.2.0
coda,/Library/Frameworks/R.framework/Versions/4.2/Resources/library,0.19-4,NA,4.2.0
codetools,/Library/Frameworks/R.framework/Versions/4.2/Resources/library,0.2-18,recommended,4.2.1
colorspace,/Library/Frameworks/R.framework/Versions/4.2/Resources/library,2.0-3,NA,4.2.0
colortools,/Library/Frameworks/R.framework/Versions/4.2/Resources/library,0.1.5,NA,4.1.0
combinat,/Library/Frameworks/R.framework/Versions/4.2/Resources/library,0.0-8,NA,4.2.0
commonmark,/Library/Frameworks/R.framework/Versions/4.2/Resources/library,1.8.0,NA,4.2.0
compiler,/Library/Frameworks/R.framework/Versions/4.2/Resources/library,4.2.1,base,4.2.1
ComplexHeatmap,/Library/Frameworks/R.framework/Versions/4.2/Resources/library,2.12.0,NA,4.2.0
conquer,/Library/Frameworks/R.framework/Versions/4.2/Resources/library,1.3.0,NA,4.2.0
contfrac,/Library/Frameworks/R.framework/Versions/4.2/Resources/library,1.1-12,NA,4.2.0
correlation,/Library/Frameworks/R.framework/Versions/4.2/Resources/library,0.8.1,NA,4.2.0
corrplot,/Library/Frameworks/R.framework/Versions/4.2/Resources/library,0.92,NA,4.2.0
cowplot,/Library/Frameworks/R.framework/Versions/4.2/Resources/library,1.1.1,NA,4.2.0
cpp11,/Library/Frameworks/R.framework/Versions/4.2/Resources/library,0.4.2,NA,4.2.0
crayon,/Library/Frameworks/R.framework/Versions/4.2/Resources/library,1.5.1,NA,4.2.0
credentials,/Library/Frameworks/R.framework/Versions/4.2/Resources/library,1.3.2,NA,4.2.0
crosstalk,/Library/Frameworks/R.framework/Versions/4.2/Resources/library,1.2.0,NA,4.2.0
curl,/Library/Frameworks/R.framework/Versions/4.2/Resources/library,4.3.2,NA,4.2.0
data.table,/Library/Frameworks/R.framework/Versions/4.2/Resources/library,1.14.2,NA,4.2.0
datasets,/Library/Frameworks/R.framework/Versions/4.2/Resources/library,4.2.1,base,4.2.1
datawizard,/Library/Frameworks/R.framework/Versions/4.2/Resources/library,0.4.1,NA,4.2.0
DBI,/Library/Frameworks/R.framework/Versions/4.2/Resources/library,1.1.3,NA,4.2.0
dbplyr,/Library/Frameworks/R.framework/Versions/4.2/Resources/library,2.2.1,NA,4.2.0
DDRTree,/Library/Frameworks/R.framework/Versions/4.2/Resources/library,0.1.5,NA,4.2.0
DelayedArray,/Library/Frameworks/R.framework/Versions/4.2/Resources/library,0.22.0,NA,4.2.0
DelayedMatrixStats,/Library/Frameworks/R.framework/Versions/4.2/Resources/library,1.18.0,NA,4.2.0
deldir,/Library/Frameworks/R.framework/Versions/4.2/Resources/library,1.0-6,NA,4.2.0
dendextend,/Library/Frameworks/R.framework/Versions/4.2/Resources/library,1.16.0,NA,4.2.0
densityClust,/Library/Frameworks/R.framework/Versions/4.2/Resources/library,0.3.2,NA,4.2.0
desc,/Library/Frameworks/R.framework/Versions/4.2/Resources/library,1.4.1,NA,4.2.0
DescTools,/Library/Frameworks/R.framework/Versions/4.2/Resources/library,0.99.45,NA,4.2.0
DESeq2,/Library/Frameworks/R.framework/Versions/4.2/Resources/library,1.36.0,NA,4.2.0
DEsingle,/Library/Frameworks/R.framework/Versions/4.2/Resources/library,1.16.0,NA,4.2.0
deSolve,/Library/Frameworks/R.framework/Versions/4.2/Resources/library,1.33,NA,4.2.0
devtools,/Library/Frameworks/R.framework/Versions/4.2/Resources/library,2.4.4,NA,4.2.1
dichromat,/Library/Frameworks/R.framework/Versions/4.2/Resources/library,2.0-0.1,NA,4.2.0
DiffBind,/Library/Frameworks/R.framework/Versions/4.2/Resources/library,3.6.1,NA,4.2.0
DiffLogo,/Library/Frameworks/R.framework/Versions/4.2/Resources/library,2.20.0,NA,4.2.0
diffobj,/Library/Frameworks/R.framework/Versions/4.2/Resources/library,0.3.5,NA,4.2.0
digest,/Library/Frameworks/R.framework/Versions/4.2/Resources/library,0.6.29,NA,4.2.0
distillery,/Library/Frameworks/R.framework/Versions/4.2/Resources/library,1.2-1,NA,4.2.0
DO.db,/Library/Frameworks/R.framework/Versions/4.2/Resources/library,2.9,NA,4.1.1
docopt,/Library/Frameworks/R.framework/Versions/4.2/Resources/library,0.7.1,NA,4.2.0
doParallel,/Library/Frameworks/R.framework/Versions/4.2/Resources/library,1.0.17,NA,4.2.0
doRNG,/Library/Frameworks/R.framework/Versions/4.2/Resources/library,1.8.2,NA,4.2.0
DOSE,/Library/Frameworks/R.framework/Versions/4.2/Resources/library,3.22.0,NA,4.2.0
DOT,/Library/Frameworks/R.framework/Versions/4.2/Resources/library,0.1,NA,4.2.0
downlit,/Library/Frameworks/R.framework/Versions/4.2/Resources/library,0.4.2,NA,4.2.0
downloader,/Library/Frameworks/R.framework/Versions/4.2/Resources/library,0.4,NA,4.2.0
dplyr,/Library/Frameworks/R.framework/Versions/4.2/Resources/library,1.0.9,NA,4.2.0
DT,/Library/Frameworks/R.framework/Versions/4.2/Resources/library,0.23,NA,4.2.0
dtplyr,/Library/Frameworks/R.framework/Versions/4.2/Resources/library,1.2.1,NA,4.2.0
e1071,/Library/Frameworks/R.framework/Versions/4.2/Resources/library,1.7-11,NA,4.2.0
EDASeq,/Library/Frameworks/R.framework/Versions/4.2/Resources/library,2.30.0,NA,4.2.0
edgeR,/Library/Frameworks/R.framework/Versions/4.2/Resources/library,3.38.1,NA,4.2.0
effectsize,/Library/Frameworks/R.framework/Versions/4.2/Resources/library,0.7.0,NA,4.2.0
egg,/Library/Frameworks/R.framework/Versions/4.2/Resources/library,0.4.5,NA,4.2.0
ellipsis,/Library/Frameworks/R.framework/Versions/4.2/Resources/library,0.3.2,NA,4.2.0
elliptic,/Library/Frameworks/R.framework/Versions/4.2/Resources/library,1.4-0,NA,4.2.0
emdbook,/Library/Frameworks/R.framework/Versions/4.2/Resources/library,1.3.12,NA,4.2.0
EnhancedVolcano,/Library/Frameworks/R.framework/Versions/4.2/Resources/library,1.14.0,NA,4.2.0
enrichplot,/Library/Frameworks/R.framework/Versions/4.2/Resources/library,1.16.1,NA,4.2.0
ensembldb,/Library/Frameworks/R.framework/Versions/4.2/Resources/library,2.20.2,NA,4.2.0
EnvStats,/Library/Frameworks/R.framework/Versions/4.2/Resources/library,2.7.0,NA,4.2.0
etrunct,/Library/Frameworks/R.framework/Versions/4.2/Resources/library,0.1,NA,4.2.0
evaluate,/Library/Frameworks/R.framework/Versions/4.2/Resources/library,0.15,NA,4.2.0
Exact,/Library/Frameworks/R.framework/Versions/4.2/Resources/library,3.1,NA,4.2.0
expm,/Library/Frameworks/R.framework/Versions/4.2/Resources/library,0.999-6,NA,4.2.0
extrafont,/Library/Frameworks/R.framework/Versions/4.2/Resources/library,0.18,NA,4.2.0
extrafontdb,/Library/Frameworks/R.framework/Versions/4.2/Resources/library,1.0,NA,4.2.0
extRemes,/Library/Frameworks/R.framework/Versions/4.2/Resources/library,2.1-2,NA,4.2.0
fansi,/Library/Frameworks/R.framework/Versions/4.2/Resources/library,1.0.3,NA,4.2.0
farver,/Library/Frameworks/R.framework/Versions/4.2/Resources/library,2.1.1,NA,4.2.0
fastICA,/Library/Frameworks/R.framework/Versions/4.2/Resources/library,1.2-3,NA,4.2.0
fastmap,/Library/Frameworks/R.framework/Versions/4.2/Resources/library,1.1.0,NA,4.2.0
fastmatch,/Library/Frameworks/R.framework/Versions/4.2/Resources/library,1.1-3,NA,4.2.0
fgsea,/Library/Frameworks/R.framework/Versions/4.2/Resources/library,1.22.0,NA,4.2.0
filelock,/Library/Frameworks/R.framework/Versions/4.2/Resources/library,1.0.2,NA,4.2.0
flexmix,/Library/Frameworks/R.framework/Versions/4.2/Resources/library,2.3-18,NA,4.2.0
FNN,/Library/Frameworks/R.framework/Versions/4.2/Resources/library,1.1.3.1,NA,4.2.0
fontawesome,/Library/Frameworks/R.framework/Versions/4.2/Resources/library,0.3.0,NA,4.2.1
forcats,/Library/Frameworks/R.framework/Versions/4.2/Resources/library,0.5.1,NA,4.2.0
foreach,/Library/Frameworks/R.framework/Versions/4.2/Resources/library,1.5.2,NA,4.2.0
foreign,/Library/Frameworks/R.framework/Versions/4.2/Resources/library,0.8-82,recommended,4.2.1
formatR,/Library/Frameworks/R.framework/Versions/4.2/Resources/library,1.12,NA,4.2.0
Formula,/Library/Frameworks/R.framework/Versions/4.2/Resources/library,1.2-4,NA,4.2.0
fs,/Library/Frameworks/R.framework/Versions/4.2/Resources/library,1.5.2,NA,4.2.0
futile.logger,/Library/Frameworks/R.framework/Versions/4.2/Resources/library,1.4.3,NA,4.2.0
futile.options,/Library/Frameworks/R.framework/Versions/4.2/Resources/library,1.0.1,NA,4.2.0
future,/Library/Frameworks/R.framework/Versions/4.2/Resources/library,1.27.0,NA,4.2.0
future.apply,/Library/Frameworks/R.framework/Versions/4.2/Resources/library,1.9.0,NA,4.2.0
gamlss,/Library/Frameworks/R.framework/Versions/4.2/Resources/library,5.4-3,NA,4.2.0
gamlss.data,/Library/Frameworks/R.framework/Versions/4.2/Resources/library,6.0-2,NA,4.2.0
gamlss.dist,/Library/Frameworks/R.framework/Versions/4.2/Resources/library,6.0-3,NA,4.2.0
gargle,/Library/Frameworks/R.framework/Versions/4.2/Resources/library,1.2.0,NA,4.2.0
gclus,/Library/Frameworks/R.framework/Versions/4.2/Resources/library,1.3.2,NA,4.2.0
genefilter,/Library/Frameworks/R.framework/Versions/4.2/Resources/library,1.78.0,NA,4.2.0
geneplotter,/Library/Frameworks/R.framework/Versions/4.2/Resources/library,1.74.0,NA,4.2.0
generics,/Library/Frameworks/R.framework/Versions/4.2/Resources/library,0.1.3,NA,4.2.0
GenomeInfoDb,/Library/Frameworks/R.framework/Versions/4.2/Resources/library,1.32.2,NA,4.2.0
GenomeInfoDbData,/Library/Frameworks/R.framework/Versions/4.2/Resources/library,1.2.8,NA,4.2.1
GenomicAlignments,/Library/Frameworks/R.framework/Versions/4.2/Resources/library,1.32.0,NA,4.2.0
GenomicFeatures,/Library/Frameworks/R.framework/Versions/4.2/Resources/library,1.48.3,NA,4.2.0
GenomicRanges,/Library/Frameworks/R.framework/Versions/4.2/Resources/library,1.48.0,NA,4.2.0
GeomxTools,/Library/Frameworks/R.framework/Versions/4.2/Resources/library,3.0.1,NA,4.2.0
GeoMxWorkflows,/Library/Frameworks/R.framework/Versions/4.2/Resources/library,1.2.0,NA,4.2.1
GEOquery,/Library/Frameworks/R.framework/Versions/4.2/Resources/library,2.64.2,NA,4.2.0
gert,/Library/Frameworks/R.framework/Versions/4.2/Resources/library,1.6.0,NA,4.2.0
GetoptLong,/Library/Frameworks/R.framework/Versions/4.2/Resources/library,1.0.5,NA,4.2.0
GGally,/Library/Frameworks/R.framework/Versions/4.2/Resources/library,2.1.2,NA,4.2.0
ggalt,/Library/Frameworks/R.framework/Versions/4.2/Resources/library,0.4.0,NA,4.2.0
ggbeeswarm,/Library/Frameworks/R.framework/Versions/4.2/Resources/library,0.6.0,NA,4.2.0
ggdendro,/Library/Frameworks/R.framework/Versions/4.2/Resources/library,0.1.23,NA,4.2.0
ggforce,/Library/Frameworks/R.framework/Versions/4.2/Resources/library,0.3.3,NA,4.2.0
ggfun,/Library/Frameworks/R.framework/Versions/4.2/Resources/library,0.0.6,NA,4.2.0
ggiraph,/Library/Frameworks/R.framework/Versions/4.2/Resources/library,0.8.2,NA,4.2.0
ggnewscale,/Library/Frameworks/R.framework/Versions/4.2/Resources/library,0.4.7,NA,4.2.0
ggplot2,/Library/Frameworks/R.framework/Versions/4.2/Resources/library,3.3.6,NA,4.2.0
ggplotify,/Library/Frameworks/R.framework/Versions/4.2/Resources/library,0.1.0,NA,4.2.0
ggpubr,/Library/Frameworks/R.framework/Versions/4.2/Resources/library,0.4.0,NA,4.2.0
ggraph,/Library/Frameworks/R.framework/Versions/4.2/Resources/library,2.0.5,NA,4.2.0
ggrastr,/Library/Frameworks/R.framework/Versions/4.2/Resources/library,1.0.1,NA,4.2.0
ggrepel,/Library/Frameworks/R.framework/Versions/4.2/Resources/library,0.9.1,NA,4.2.0
ggsci,/Library/Frameworks/R.framework/Versions/4.2/Resources/library,2.9,NA,4.2.0
ggseqlogo,/Library/Frameworks/R.framework/Versions/4.2/Resources/library,0.1,NA,4.2.0
ggsignif,/Library/Frameworks/R.framework/Versions/4.2/Resources/library,0.6.3,NA,4.2.0
ggstatsplot,/Library/Frameworks/R.framework/Versions/4.2/Resources/library,0.9.3,NA,4.2.0
ggthemes,/Library/Frameworks/R.framework/Versions/4.2/Resources/library,4.2.4,NA,4.2.0
ggtree,/Library/Frameworks/R.framework/Versions/4.2/Resources/library,3.4.1,NA,4.2.1
ggvenn,/Library/Frameworks/R.framework/Versions/4.2/Resources/library,0.1.9,NA,4.2.0
gh,/Library/Frameworks/R.framework/Versions/4.2/Resources/library,1.3.0,NA,4.2.0
gitcellar,/Library/Frameworks/R.framework/Versions/4.2/Resources/library,0.0.0.9000,NA,4.2.1
gitcreds,/Library/Frameworks/R.framework/Versions/4.2/Resources/library,0.1.1,NA,4.2.0
gld,/Library/Frameworks/R.framework/Versions/4.2/Resources/library,2.6.5,NA,4.2.0
GlobalOptions,/Library/Frameworks/R.framework/Versions/4.2/Resources/library,0.1.2,NA,4.2.0
globals,/Library/Frameworks/R.framework/Versions/4.2/Resources/library,0.15.1,NA,4.2.0
glue,/Library/Frameworks/R.framework/Versions/4.2/Resources/library,1.6.2,NA,4.2.0
GO.db,/Library/Frameworks/R.framework/Versions/4.2/Resources/library,3.15.0,NA,4.2.1
goftest,/Library/Frameworks/R.framework/Versions/4.2/Resources/library,1.2-3,NA,4.2.0
googledrive,/Library/Frameworks/R.framework/Versions/4.2/Resources/library,2.0.0,NA,4.2.0
googlesheets4,/Library/Frameworks/R.framework/Versions/4.2/Resources/library,1.0.0,NA,4.2.0
GOSemSim,/Library/Frameworks/R.framework/Versions/4.2/Resources/library,2.22.0,NA,4.2.0
GOstats,/Library/Frameworks/R.framework/Versions/4.2/Resources/library,2.62.0,NA,4.2.0
gower,/Library/Frameworks/R.framework/Versions/4.2/Resources/library,1.0.0,NA,4.2.0
gplots,/Library/Frameworks/R.framework/Versions/4.2/Resources/library,3.1.3,NA,4.2.0
graph,/Library/Frameworks/R.framework/Versions/4.2/Resources/library,1.74.0,NA,4.2.0
graphics,/Library/Frameworks/R.framework/Versions/4.2/Resources/library,4.2.1,base,4.2.1
graphite,/Library/Frameworks/R.framework/Versions/4.2/Resources/library,1.42.0,NA,4.2.0
graphlayouts,/Library/Frameworks/R.framework/Versions/4.2/Resources/library,0.8.0,NA,4.2.0
grDevices,/Library/Frameworks/R.framework/Versions/4.2/Resources/library,4.2.1,base,4.2.1
GreyListChIP,/Library/Frameworks/R.framework/Versions/4.2/Resources/library,1.28.1,NA,4.2.0
grid,/Library/Frameworks/R.framework/Versions/4.2/Resources/library,4.2.1,base,4.2.1
gridBase,/Library/Frameworks/R.framework/Versions/4.2/Resources/library,0.4-7,NA,4.2.0
gridExtra,/Library/Frameworks/R.framework/Versions/4.2/Resources/library,2.3,NA,4.2.0
gridGraphics,/Library/Frameworks/R.framework/Versions/4.2/Resources/library,0.5-1,NA,4.2.0
GSEABase,/Library/Frameworks/R.framework/Versions/4.2/Resources/library,1.58.0,NA,4.2.0
gtable,/Library/Frameworks/R.framework/Versions/4.2/Resources/library,0.3.0,NA,4.2.0
gtools,/Library/Frameworks/R.framework/Versions/4.2/Resources/library,3.9.3,NA,4.2.0
Gviz,/Library/Frameworks/R.framework/Versions/4.2/Resources/library,1.40.1,NA,4.2.0
hardhat,/Library/Frameworks/R.framework/Versions/4.2/Resources/library,1.2.0,NA,4.2.0
haven,/Library/Frameworks/R.framework/Versions/4.2/Resources/library,2.5.0,NA,4.2.0
HDF5Array,/Library/Frameworks/R.framework/Versions/4.2/Resources/library,1.24.1,NA,4.2.0
heatmaply,/Library/Frameworks/R.framework/Versions/4.2/Resources/library,1.3.0,NA,4.2.0
here,/Library/Frameworks/R.framework/Versions/4.2/Resources/library,1.0.1,NA,4.2.0
hgu133plus2.db,/Library/Frameworks/R.framework/Versions/4.2/Resources/library,3.13.0,NA,4.1.1
highr,/Library/Frameworks/R.framework/Versions/4.2/Resources/library,0.9,NA,4.2.0
Hmisc,/Library/Frameworks/R.framework/Versions/4.2/Resources/library,4.7-0,NA,4.2.0
hms,/Library/Frameworks/R.framework/Versions/4.2/Resources/library,1.1.1,NA,4.2.0
HSMMSingleCell,/Library/Frameworks/R.framework/Versions/4.2/Resources/library,1.16.0,NA,4.2.1
htmlTable,/Library/Frameworks/R.framework/Versions/4.2/Resources/library,2.4.1,NA,4.2.0
htmltools,/Library/Frameworks/R.framework/Versions/4.2/Resources/library,0.5.3,NA,4.2.0
htmlwidgets,/Library/Frameworks/R.framework/Versions/4.2/Resources/library,1.5.4,NA,4.2.0
httpuv,/Library/Frameworks/R.framework/Versions/4.2/Resources/library,1.6.5,NA,4.2.0
httr,/Library/Frameworks/R.framework/Versions/4.2/Resources/library,1.4.3,NA,4.2.0
hwriter,/Library/Frameworks/R.framework/Versions/4.2/Resources/library,1.3.2.1,NA,4.2.0
hypergeo,/Library/Frameworks/R.framework/Versions/4.2/Resources/library,1.2-13,NA,4.2.0
icellnet,/Library/Frameworks/R.framework/Versions/4.2/Resources/library,1.0.1,NA,4.1.1
ids,/Library/Frameworks/R.framework/Versions/4.2/Resources/library,1.0.1,NA,4.2.0
igraph,/Library/Frameworks/R.framework/Versions/4.2/Resources/library,1.3.4,NA,4.2.0
illuminaio,/Library/Frameworks/R.framework/Versions/4.2/Resources/library,0.38.0,NA,4.2.0
ini,/Library/Frameworks/R.framework/Versions/4.2/Resources/library,0.3.1,NA,4.2.0
insight,/Library/Frameworks/R.framework/Versions/4.2/Resources/library,0.18.0,NA,4.2.0
interp,/Library/Frameworks/R.framework/Versions/4.2/Resources/library,1.1-3,NA,4.2.0
invgamma,/Library/Frameworks/R.framework/Versions/4.2/Resources/library,1.1,NA,4.2.0
ipred,/Library/Frameworks/R.framework/Versions/4.2/Resources/library,0.9-13,NA,4.2.0
IRanges,/Library/Frameworks/R.framework/Versions/4.2/Resources/library,2.30.0,NA,4.2.0
irlba,/Library/Frameworks/R.framework/Versions/4.2/Resources/library,2.3.5,NA,4.2.0
isoband,/Library/Frameworks/R.framework/Versions/4.2/Resources/library,0.2.5,NA,4.2.0
iTALK,/Library/Frameworks/R.framework/Versions/4.2/Resources/library,0.1.0,NA,4.1.1
iterators,/Library/Frameworks/R.framework/Versions/4.2/Resources/library,1.0.14,NA,4.2.0
jetset,/Library/Frameworks/R.framework/Versions/4.2/Resources/library,3.4.0,NA,4.2.0
jpeg,/Library/Frameworks/R.framework/Versions/4.2/Resources/library,0.1-9,NA,4.2.0
jquerylib,/Library/Frameworks/R.framework/Versions/4.2/Resources/library,0.1.4,NA,4.2.0
jsonlite,/Library/Frameworks/R.framework/Versions/4.2/Resources/library,1.8.0,NA,4.2.0
KEGGREST,/Library/Frameworks/R.framework/Versions/4.2/Resources/library,1.36.3,NA,4.2.1
KernSmooth,/Library/Frameworks/R.framework/Versions/4.2/Resources/library,2.23-20,recommended,4.2.1
knitr,/Library/Frameworks/R.framework/Versions/4.2/Resources/library,1.39,NA,4.2.0
labeling,/Library/Frameworks/R.framework/Versions/4.2/Resources/library,0.4.2,NA,4.2.0
lambda.r,/Library/Frameworks/R.framework/Versions/4.2/Resources/library,1.2.4,NA,4.2.0
later,/Library/Frameworks/R.framework/Versions/4.2/Resources/library,1.3.0,NA,4.2.0
lattice,/Library/Frameworks/R.framework/Versions/4.2/Resources/library,0.20-45,recommended,4.2.1
latticeExtra,/Library/Frameworks/R.framework/Versions/4.2/Resources/library,0.6-30,NA,4.2.0
lava,/Library/Frameworks/R.framework/Versions/4.2/Resources/library,1.6.10,NA,4.2.0
lazyeval,/Library/Frameworks/R.framework/Versions/4.2/Resources/library,0.2.2,NA,4.2.0
leidenbase,/Library/Frameworks/R.framework/Versions/4.2/Resources/library,0.1.11,NA,4.2.0
lifecycle,/Library/Frameworks/R.framework/Versions/4.2/Resources/library,1.0.1,NA,4.2.0
limma,/Library/Frameworks/R.framework/Versions/4.2/Resources/library,3.52.2,NA,4.2.0
listenv,/Library/Frameworks/R.framework/Versions/4.2/Resources/library,0.8.0,NA,4.2.0
lme4,/Library/Frameworks/R.framework/Versions/4.2/Resources/library,1.1-30,NA,4.2.0
lmerTest,/Library/Frameworks/R.framework/Versions/4.2/Resources/library,3.1-3,NA,4.2.0
lmom,/Library/Frameworks/R.framework/Versions/4.2/Resources/library,2.9,NA,4.2.0
Lmoments,/Library/Frameworks/R.framework/Versions/4.2/Resources/library,1.3-1,NA,4.2.0
locfit,/Library/Frameworks/R.framework/Versions/4.2/Resources/library,1.5-9.6,NA,4.2.0
logNormReg,/Library/Frameworks/R.framework/Versions/4.2/Resources/library,0.5-0,NA,4.2.0
lubridate,/Library/Frameworks/R.framework/Versions/4.2/Resources/library,1.8.0,NA,4.2.0
magick,/Library/Frameworks/R.framework/Versions/4.2/Resources/library,2.7.3,NA,4.1.0
magrittr,/Library/Frameworks/R.framework/Versions/4.2/Resources/library,2.0.3,NA,4.2.0
maps,/Library/Frameworks/R.framework/Versions/4.2/Resources/library,3.4.0,NA,4.2.0
maptools,/Library/Frameworks/R.framework/Versions/4.2/Resources/library,1.1-4,NA,4.2.0
markdown,/Library/Frameworks/R.framework/Versions/4.2/Resources/library,1.1,NA,4.2.0
maser,/Library/Frameworks/R.framework/Versions/4.2/Resources/library,1.14.0,NA,4.2.0
MASS,/Library/Frameworks/R.framework/Versions/4.2/Resources/library,7.3-58,recommended,4.2.0
MAST,/Library/Frameworks/R.framework/Versions/4.2/Resources/library,1.22.0,NA,4.2.0
Matrix,/Library/Frameworks/R.framework/Versions/4.2/Resources/library,1.4-1,recommended,4.2.1
MatrixGenerics,/Library/Frameworks/R.framework/Versions/4.2/Resources/library,1.8.1,NA,4.2.0
MatrixModels,/Library/Frameworks/R.framework/Versions/4.2/Resources/library,0.5-0,NA,4.2.0
matrixStats,/Library/Frameworks/R.framework/Versions/4.2/Resources/library,0.62.0,NA,4.2.0
maxLik,/Library/Frameworks/R.framework/Versions/4.2/Resources/library,1.5-2,NA,4.2.0
mc2d,/Library/Frameworks/R.framework/Versions/4.2/Resources/library,0.1-21,NA,4.2.0
mclust,/Library/Frameworks/R.framework/Versions/4.2/Resources/library,5.4.10,NA,4.2.0
memoise,/Library/Frameworks/R.framework/Versions/4.2/Resources/library,2.0.1,NA,4.2.0
memuse,/Library/Frameworks/R.framework/Versions/4.2/Resources/library,4.2-1,NA,4.2.0
methods,/Library/Frameworks/R.framework/Versions/4.2/Resources/library,4.2.1,base,4.2.1
mgcv,/Library/Frameworks/R.framework/Versions/4.2/Resources/library,1.8-40,recommended,4.2.1
mime,/Library/Frameworks/R.framework/Versions/4.2/Resources/library,0.12,NA,4.2.0
minfi,/Library/Frameworks/R.framework/Versions/4.2/Resources/library,1.42.0,NA,4.2.0
miniUI,/Library/Frameworks/R.framework/Versions/4.2/Resources/library,0.1.1.1,NA,4.2.0
minqa,/Library/Frameworks/R.framework/Versions/4.2/Resources/library,1.2.4,NA,4.2.0
miscTools,/Library/Frameworks/R.framework/Versions/4.2/Resources/library,0.6-26,NA,4.2.0
mixsqp,/Library/Frameworks/R.framework/Versions/4.2/Resources/library,0.3-43,NA,4.2.0
mnormt,/Library/Frameworks/R.framework/Versions/4.2/Resources/library,2.1.0,NA,4.2.0
ModelMetrics,/Library/Frameworks/R.framework/Versions/4.2/Resources/library,1.2.2.2,NA,4.2.0
modelr,/Library/Frameworks/R.framework/Versions/4.2/Resources/library,0.1.8,NA,4.2.0
modeltools,/Library/Frameworks/R.framework/Versions/4.2/Resources/library,0.2-23,NA,4.2.0
monocle,/Library/Frameworks/R.framework/Versions/4.2/Resources/library,2.24.1,NA,4.2.0
msigdbr,/Library/Frameworks/R.framework/Versions/4.2/Resources/library,7.5.1,NA,4.2.0
multtest,/Library/Frameworks/R.framework/Versions/4.2/Resources/library,2.52.0,NA,4.2.0
munsell,/Library/Frameworks/R.framework/Versions/4.2/Resources/library,0.5.0,NA,4.2.0
mvtnorm,/Library/Frameworks/R.framework/Versions/4.2/Resources/library,1.1-3,NA,4.2.0
NanoStringNCTools,/Library/Frameworks/R.framework/Versions/4.2/Resources/library,1.4.0,NA,4.2.0
network,/Library/Frameworks/R.framework/Versions/4.2/Resources/library,1.17.2,NA,4.2.0
nlme,/Library/Frameworks/R.framework/Versions/4.2/Resources/library,3.1-158,recommended,4.2.0
nloptr,/Library/Frameworks/R.framework/Versions/4.2/Resources/library,2.0.3,NA,4.2.0
NMF,/Library/Frameworks/R.framework/Versions/4.2/Resources/library,0.24.0,NA,4.2.0
nnet,/Library/Frameworks/R.framework/Versions/4.2/Resources/library,7.3-17,recommended,4.2.1
nor1mix,/Library/Frameworks/R.framework/Versions/4.2/Resources/library,1.3-0,NA,4.2.0
nortest,/Library/Frameworks/R.framework/Versions/4.2/Resources/library,1.0-4,NA,4.2.0
numDeriv,/Library/Frameworks/R.framework/Versions/4.2/Resources/library,2016.8-1.1,NA,4.2.0
openssl,/Library/Frameworks/R.framework/Versions/4.2/Resources/library,2.0.2,NA,4.2.0
openxlsx,/Library/Frameworks/R.framework/Versions/4.2/Resources/library,4.2.5,NA,4.2.0
org.Dr.eg.db,/Library/Frameworks/R.framework/Versions/4.2/Resources/library,3.15.0,NA,4.2.1
org.Hs.eg.db,/Library/Frameworks/R.framework/Versions/4.2/Resources/library,3.15.0,NA,4.2.1
org.Mm.eg.db,/Library/Frameworks/R.framework/Versions/4.2/Resources/library,3.15.0,NA,4.2.1
outliers,/Library/Frameworks/R.framework/Versions/4.2/Resources/library,0.15,NA,4.2.0
paletteer,/Library/Frameworks/R.framework/Versions/4.2/Resources/library,1.4.0,NA,4.2.0
parallel,/Library/Frameworks/R.framework/Versions/4.2/Resources/library,4.2.1,base,4.2.1
parallelly,/Library/Frameworks/R.framework/Versions/4.2/Resources/library,1.32.1,NA,4.2.1
parameters,/Library/Frameworks/R.framework/Versions/4.2/Resources/library,0.18.1,NA,4.2.0
patchwork,/Library/Frameworks/R.framework/Versions/4.2/Resources/library,1.1.1,NA,4.2.0
pbapply,/Library/Frameworks/R.framework/Versions/4.2/Resources/library,1.5-0,NA,4.2.0
pbkrtest,/Library/Frameworks/R.framework/Versions/4.2/Resources/library,0.5.1,NA,4.2.0
pcaExplorer,/Library/Frameworks/R.framework/Versions/4.2/Resources/library,2.23.1,NA,4.1.1
pcaMethods,/Library/Frameworks/R.framework/Versions/4.2/Resources/library,1.88.0,NA,4.2.0
performance,/Library/Frameworks/R.framework/Versions/4.2/Resources/library,0.9.1,NA,4.2.0
permute,/Library/Frameworks/R.framework/Versions/4.2/Resources/library,0.9-7,NA,4.2.0
pheatmap,/Library/Frameworks/R.framework/Versions/4.2/Resources/library,1.0.12,NA,4.2.0
pillar,/Library/Frameworks/R.framework/Versions/4.2/Resources/library,1.8.0,NA,4.2.0
pinfsc50,/Library/Frameworks/R.framework/Versions/4.2/Resources/library,1.2.0,NA,4.2.0
pkgbuild,/Library/Frameworks/R.framework/Versions/4.2/Resources/library,1.3.1,NA,4.2.0
pkgconfig,/Library/Frameworks/R.framework/Versions/4.2/Resources/library,2.0.3,NA,4.2.0
pkgdown,/Library/Frameworks/R.framework/Versions/4.2/Resources/library,2.0.6,NA,4.2.0
pkgload,/Library/Frameworks/R.framework/Versions/4.2/Resources/library,1.3.0,NA,4.2.0
pkgmaker,/Library/Frameworks/R.framework/Versions/4.2/Resources/library,0.32.2,NA,4.2.0
plogr,/Library/Frameworks/R.framework/Versions/4.2/Resources/library,0.2.0,NA,4.2.0
plotly,/Library/Frameworks/R.framework/Versions/4.2/Resources/library,4.10.0,NA,4.2.0
plyr,/Library/Frameworks/R.framework/Versions/4.2/Resources/library,1.8.7,NA,4.2.0
png,/Library/Frameworks/R.framework/Versions/4.2/Resources/library,0.1-7,NA,4.2.0
polyclip,/Library/Frameworks/R.framework/Versions/4.2/Resources/library,1.10-0,NA,4.2.0
polynom,/Library/Frameworks/R.framework/Versions/4.2/Resources/library,1.4-1,NA,4.2.0
praise,/Library/Frameworks/R.framework/Versions/4.2/Resources/library,1.0.0,NA,4.2.0
preprocessCore,/Library/Frameworks/R.framework/Versions/4.2/Resources/library,1.58.0,NA,4.2.0
prettyunits,/Library/Frameworks/R.framework/Versions/4.2/Resources/library,1.1.1,NA,4.2.0
prismatic,/Library/Frameworks/R.framework/Versions/4.2/Resources/library,1.1.0,NA,4.2.0
pROC,/Library/Frameworks/R.framework/Versions/4.2/Resources/library,1.18.0,NA,4.2.0
processx,/Library/Frameworks/R.framework/Versions/4.2/Resources/library,3.7.0,NA,4.2.0
prodlim,/Library/Frameworks/R.framework/Versions/4.2/Resources/library,2019.11.13,NA,4.2.0
profvis,/Library/Frameworks/R.framework/Versions/4.2/Resources/library,0.3.7,NA,4.2.0
progress,/Library/Frameworks/R.framework/Versions/4.2/Resources/library,1.2.2,NA,4.2.0
progressr,/Library/Frameworks/R.framework/Versions/4.2/Resources/library,0.10.1,NA,4.2.0
proj4,/Library/Frameworks/R.framework/Versions/4.2/Resources/library,1.0-11,NA,4.2.0
promises,/Library/Frameworks/R.framework/Versions/4.2/Resources/library,1.2.0.1,NA,4.2.0
ProtGenerics,/Library/Frameworks/R.framework/Versions/4.2/Resources/library,1.28.0,NA,4.2.0
proxy,/Library/Frameworks/R.framework/Versions/4.2/Resources/library,0.4-27,NA,4.2.0
ps,/Library/Frameworks/R.framework/Versions/4.2/Resources/library,1.7.1,NA,4.2.0
pscl,/Library/Frameworks/R.framework/Versions/4.2/Resources/library,1.5.5,NA,4.2.0
psych,/Library/Frameworks/R.framework/Versions/4.2/Resources/library,2.2.5,NA,4.2.0
purrr,/Library/Frameworks/R.framework/Versions/4.2/Resources/library,0.3.4,NA,4.2.0
qap,/Library/Frameworks/R.framework/Versions/4.2/Resources/library,0.1-2,NA,4.2.0
qlcMatrix,/Library/Frameworks/R.framework/Versions/4.2/Resources/library,0.9.7,NA,4.2.0
quadprog,/Library/Frameworks/R.framework/Versions/4.2/Resources/library,1.5-8,NA,4.2.0
quantreg,/Library/Frameworks/R.framework/Versions/4.2/Resources/library,5.94,NA,4.2.0
qvalue,/Library/Frameworks/R.framework/Versions/4.2/Resources/library,2.28.0,NA,4.2.0
R.cache,/Library/Frameworks/R.framework/Versions/4.2/Resources/library,0.16.0,NA,4.2.1
R.methodsS3,/Library/Frameworks/R.framework/Versions/4.2/Resources/library,1.8.2,NA,4.2.0
R.oo,/Library/Frameworks/R.framework/Versions/4.2/Resources/library,1.25.0,NA,4.2.0
R.utils,/Library/Frameworks/R.framework/Versions/4.2/Resources/library,2.12.0,NA,4.2.0
R6,/Library/Frameworks/R.framework/Versions/4.2/Resources/library,2.5.1,NA,4.2.0
ragg,/Library/Frameworks/R.framework/Versions/4.2/Resources/library,1.2.2,NA,4.2.0
randomcoloR,/Library/Frameworks/R.framework/Versions/4.2/Resources/library,1.1.0.1,NA,4.2.0
RANN,/Library/Frameworks/R.framework/Versions/4.2/Resources/library,2.6.1,NA,4.2.0
rappdirs,/Library/Frameworks/R.framework/Versions/4.2/Resources/library,0.3.3,NA,4.2.0
RBGL,/Library/Frameworks/R.framework/Versions/4.2/Resources/library,1.72.0,NA,4.2.0
rcmdcheck,/Library/Frameworks/R.framework/Versions/4.2/Resources/library,1.4.0,NA,4.2.0
RColorBrewer,/Library/Frameworks/R.framework/Versions/4.2/Resources/library,1.1-3,NA,4.2.0
Rcpp,/Library/Frameworks/R.framework/Versions/4.2/Resources/library,1.0.9,NA,4.2.0
RcppArmadillo,/Library/Frameworks/R.framework/Versions/4.2/Resources/library,0.11.2.0.0,NA,4.2.0
RcppEigen,/Library/Frameworks/R.framework/Versions/4.2/Resources/library,0.3.3.9.2,NA,4.2.0
RcppHNSW,/Library/Frameworks/R.framework/Versions/4.2/Resources/library,0.4.1,NA,4.2.0
RcppML,/Library/Frameworks/R.framework/Versions/4.2/Resources/library,0.3.7,NA,4.2.0
RcppNumerical,/Library/Frameworks/R.framework/Versions/4.2/Resources/library,0.4-0,NA,4.2.0
RcppTOML,/Library/Frameworks/R.framework/Versions/4.2/Resources/library,0.1.7,NA,4.2.0
RCurl,/Library/Frameworks/R.framework/Versions/4.2/Resources/library,1.98-1.7,NA,4.2.0
reactome.db,/Library/Frameworks/R.framework/Versions/4.2/Resources/library,1.76.0,NA,4.1.1
ReactomePA,/Library/Frameworks/R.framework/Versions/4.2/Resources/library,1.40.0,NA,4.2.0
readr,/Library/Frameworks/R.framework/Versions/4.2/Resources/library,2.1.2,NA,4.2.0
readxl,/Library/Frameworks/R.framework/Versions/4.2/Resources/library,1.4.0,NA,4.2.0
recipes,/Library/Frameworks/R.framework/Versions/4.2/Resources/library,1.0.1,NA,4.2.0
registry,/Library/Frameworks/R.framework/Versions/4.2/Resources/library,0.5-1,NA,4.2.0
rematch,/Library/Frameworks/R.framework/Versions/4.2/Resources/library,1.0.1,NA,4.2.0
rematch2,/Library/Frameworks/R.framework/Versions/4.2/Resources/library,2.1.2,NA,4.2.0
remotes,/Library/Frameworks/R.framework/Versions/4.2/Resources/library,2.4.2,NA,4.2.0
renv,/Library/Frameworks/R.framework/Versions/4.2/Resources/library,0.15.5,NA,4.2.0
repmis,/Library/Frameworks/R.framework/Versions/4.2/Resources/library,0.5,NA,4.2.0
reprex,/Library/Frameworks/R.framework/Versions/4.2/Resources/library,2.0.1,NA,4.2.0
repurrrsive,/Library/Frameworks/R.framework/Versions/4.2/Resources/library,1.0.0,NA,4.2.0
reshape,/Library/Frameworks/R.framework/Versions/4.2/Resources/library,0.8.9,NA,4.2.0
reshape2,/Library/Frameworks/R.framework/Versions/4.2/Resources/library,1.4.4,NA,4.2.0
restfulr,/Library/Frameworks/R.framework/Versions/4.2/Resources/library,0.0.15,NA,4.2.0
reticulate,/Library/Frameworks/R.framework/Versions/4.2/Resources/library,1.25,NA,4.2.0
rgeos,/Library/Frameworks/R.framework/Versions/4.2/Resources/library,0.5-9,NA,4.2.0
Rgraphviz,/Library/Frameworks/R.framework/Versions/4.2/Resources/library,2.40.0,NA,4.2.0
rhdf5,/Library/Frameworks/R.framework/Versions/4.2/Resources/library,2.40.0,NA,4.2.0
rhdf5filters,/Library/Frameworks/R.framework/Versions/4.2/Resources/library,1.8.0,NA,4.2.0
Rhdf5lib,/Library/Frameworks/R.framework/Versions/4.2/Resources/library,1.18.2,NA,4.2.0
Rhtslib,/Library/Frameworks/R.framework/Versions/4.2/Resources/library,1.28.0,NA,4.2.0
rio,/Library/Frameworks/R.framework/Versions/4.2/Resources/library,0.5.29,NA,4.2.0
rjson,/Library/Frameworks/R.framework/Versions/4.2/Resources/library,0.2.21,NA,4.2.0
rlang,/Library/Frameworks/R.framework/Versions/4.2/Resources/library,1.0.4,NA,4.2.0
rlist,/Library/Frameworks/R.framework/Versions/4.2/Resources/library,0.4.6.2,NA,4.2.0
RMariaDB,/Library/Frameworks/R.framework/Versions/4.2/Resources/library,1.2.2,NA,4.2.0
rmarkdown,/Library/Frameworks/R.framework/Versions/4.2/Resources/library,2.14,NA,4.2.0
RMTstat,/Library/Frameworks/R.framework/Versions/4.2/Resources/library,0.3.1,NA,4.2.0
rngtools,/Library/Frameworks/R.framework/Versions/4.2/Resources/library,1.5.2,NA,4.2.0
Rook,/Library/Frameworks/R.framework/Versions/4.2/Resources/library,1.1-1,NA,4.2.0
rootSolve,/Library/Frameworks/R.framework/Versions/4.2/Resources/library,1.8.2.3,NA,4.2.0
roxygen2,/Library/Frameworks/R.framework/Versions/4.2/Resources/library,7.2.1,NA,4.2.0
rpart,/Library/Frameworks/R.framework/Versions/4.2/Resources/library,4.1.16,recommended,4.2.1
rprojroot,/Library/Frameworks/R.framework/Versions/4.2/Resources/library,2.0.3,NA,4.2.0
Rsamtools,/Library/Frameworks/R.framework/Versions/4.2/Resources/library,2.12.0,NA,4.2.0
RSpectra,/Library/Frameworks/R.framework/Versions/4.2/Resources/library,0.16-1,NA,4.2.0
RSQLite,/Library/Frameworks/R.framework/Versions/4.2/Resources/library,2.2.15,NA,4.2.0
rstatix,/Library/Frameworks/R.framework/Versions/4.2/Resources/library,0.7.0,NA,4.2.0
rstudioapi,/Library/Frameworks/R.framework/Versions/4.2/Resources/library,0.13,NA,4.2.0
rsvd,/Library/Frameworks/R.framework/Versions/4.2/Resources/library,1.0.5,NA,4.2.0
rsvg,/Library/Frameworks/R.framework/Versions/4.2/Resources/library,2.3.1,NA,4.2.0
rtracklayer,/Library/Frameworks/R.framework/Versions/4.2/Resources/library,1.56.1,NA,4.2.0
Rtsne,/Library/Frameworks/R.framework/Versions/4.2/Resources/library,0.16,NA,4.2.0
Rttf2pt1,/Library/Frameworks/R.framework/Versions/4.2/Resources/library,1.3.10,NA,4.2.0
RUnit,/Library/Frameworks/R.framework/Versions/4.2/Resources/library,0.4.32,NA,4.2.0
rversions,/Library/Frameworks/R.framework/Versions/4.2/Resources/library,2.1.1,NA,4.2.0
rvest,/Library/Frameworks/R.framework/Versions/4.2/Resources/library,1.0.2,NA,4.2.0
S4Vectors,/Library/Frameworks/R.framework/Versions/4.2/Resources/library,0.34.0,NA,4.2.0
sandwich,/Library/Frameworks/R.framework/Versions/4.2/Resources/library,3.0-2,NA,4.2.0
sass,/Library/Frameworks/R.framework/Versions/4.2/Resources/library,0.4.2,NA,4.2.0
ScaledMatrix,/Library/Frameworks/R.framework/Versions/4.2/Resources/library,1.4.0,NA,4.2.0
scales,/Library/Frameworks/R.framework/Versions/4.2/Resources/library,1.2.0,NA,4.2.0
scater,/Library/Frameworks/R.framework/Versions/4.2/Resources/library,1.24.0,NA,4.2.0
scatterpie,/Library/Frameworks/R.framework/Versions/4.2/Resources/library,0.1.7,NA,4.2.0
scde,/Library/Frameworks/R.framework/Versions/4.2/Resources/library,2.24.0,NA,4.2.0
scrime,/Library/Frameworks/R.framework/Versions/4.2/Resources/library,1.3.5,NA,4.2.0
scuttle,/Library/Frameworks/R.framework/Versions/4.2/Resources/library,1.6.2,NA,4.2.0
selectr,/Library/Frameworks/R.framework/Versions/4.2/Resources/library,0.4-2,NA,4.2.0
seqLogo,/Library/Frameworks/R.framework/Versions/4.2/Resources/library,1.62.0,NA,4.2.0
seriation,/Library/Frameworks/R.framework/Versions/4.2/Resources/library,1.3.6,NA,4.2.0
sessioninfo,/Library/Frameworks/R.framework/Versions/4.2/Resources/library,1.2.2,NA,4.2.0
SeuratObject,/Library/Frameworks/R.framework/Versions/4.2/Resources/library,4.1.0,NA,4.2.0
shadowtext,/Library/Frameworks/R.framework/Versions/4.2/Resources/library,0.1.2,NA,4.2.0
shape,/Library/Frameworks/R.framework/Versions/4.2/Resources/library,1.4.6,NA,4.2.0
shiny,/Library/Frameworks/R.framework/Versions/4.2/Resources/library,1.7.2,NA,4.2.0
shinyAce,/Library/Frameworks/R.framework/Versions/4.2/Resources/library,0.4.2,NA,4.2.0
shinyBS,/Library/Frameworks/R.framework/Versions/4.2/Resources/library,0.61.1,NA,4.2.0
shinycssloaders,/Library/Frameworks/R.framework/Versions/4.2/Resources/library,1.0.0,NA,4.2.0
shinydashboard,/Library/Frameworks/R.framework/Versions/4.2/Resources/library,0.7.2,NA,4.2.0
shinyepico,/Library/Frameworks/R.framework/Versions/4.2/Resources/library,1.4.2,NA,4.2.0
shinyjs,/Library/Frameworks/R.framework/Versions/4.2/Resources/library,2.1.0,NA,4.2.0
shinythemes,/Library/Frameworks/R.framework/Versions/4.2/Resources/library,1.2.0,NA,4.2.0
shinyWidgets,/Library/Frameworks/R.framework/Versions/4.2/Resources/library,0.7.1,NA,4.2.0
ShortRead,/Library/Frameworks/R.framework/Versions/4.2/Resources/library,1.54.0,NA,4.2.0
siggenes,/Library/Frameworks/R.framework/Versions/4.2/Resources/library,1.70.0,NA,4.2.0
SingleCellExperiment,/Library/Frameworks/R.framework/Versions/4.2/Resources/library,1.18.0,NA,4.2.0
slam,/Library/Frameworks/R.framework/Versions/4.2/Resources/library,0.1-50,NA,4.2.0
snow,/Library/Frameworks/R.framework/Versions/4.2/Resources/library,0.4-4,NA,4.2.0
snpStats,/Library/Frameworks/R.framework/Versions/4.2/Resources/library,1.46.0,NA,4.2.0
sourcetools,/Library/Frameworks/R.framework/Versions/4.2/Resources/library,0.1.7,NA,4.2.0
sp,/Library/Frameworks/R.framework/Versions/4.2/Resources/library,1.5-0,NA,4.2.0
SparseM,/Library/Frameworks/R.framework/Versions/4.2/Resources/library,1.81,NA,4.2.0
sparseMatrixStats,/Library/Frameworks/R.framework/Versions/4.2/Resources/library,1.8.0,NA,4.2.0
sparsesvd,/Library/Frameworks/R.framework/Versions/4.2/Resources/library,0.2,NA,4.2.0
spatial,/Library/Frameworks/R.framework/Versions/4.2/Resources/library,7.3-15,recommended,4.2.1
SpatialDecon,/Library/Frameworks/R.framework/Versions/4.2/Resources/library,1.6.0,NA,4.2.0
spatstat,/Library/Frameworks/R.framework/Versions/4.2/Resources/library,2.3-4,NA,4.2.0
spatstat.core,/Library/Frameworks/R.framework/Versions/4.2/Resources/library,2.4-4,NA,4.2.0
spatstat.data,/Library/Frameworks/R.framework/Versions/4.2/Resources/library,2.2-0,NA,4.2.0
spatstat.geom,/Library/Frameworks/R.framework/Versions/4.2/Resources/library,2.4-0,NA,4.2.0
spatstat.linnet,/Library/Frameworks/R.framework/Versions/4.2/Resources/library,2.3-2,NA,4.2.0
spatstat.random,/Library/Frameworks/R.framework/Versions/4.2/Resources/library,2.2-0,NA,4.2.0
spatstat.sparse,/Library/Frameworks/R.framework/Versions/4.2/Resources/library,2.1-1,NA,4.2.0
spatstat.utils,/Library/Frameworks/R.framework/Versions/4.2/Resources/library,2.3-1,NA,4.2.0
splines,/Library/Frameworks/R.framework/Versions/4.2/Resources/library,4.2.1,base,4.2.1
SQUAREM,/Library/Frameworks/R.framework/Versions/4.2/Resources/library,2021.1,NA,4.2.0
statmod,/Library/Frameworks/R.framework/Versions/4.2/Resources/library,1.4.36,NA,4.2.0
statnet.common,/Library/Frameworks/R.framework/Versions/4.2/Resources/library,4.6.0,NA,4.2.0
stats,/Library/Frameworks/R.framework/Versions/4.2/Resources/library,4.2.1,base,4.2.1
stats4,/Library/Frameworks/R.framework/Versions/4.2/Resources/library,4.2.1,base,4.2.1
statsExpressions,/Library/Frameworks/R.framework/Versions/4.2/Resources/library,1.3.2,NA,4.2.0
stringi,/Library/Frameworks/R.framework/Versions/4.2/Resources/library,1.7.8,NA,4.2.0
stringr,/Library/Frameworks/R.framework/Versions/4.2/Resources/library,1.4.0,NA,4.2.0
SummarizedExperiment,/Library/Frameworks/R.framework/Versions/4.2/Resources/library,1.26.1,NA,4.2.0
survival,/Library/Frameworks/R.framework/Versions/4.2/Resources/library,3.3-1,recommended,4.2.1
sva,/Library/Frameworks/R.framework/Versions/4.2/Resources/library,3.44.0,NA,4.2.0
sys,/Library/Frameworks/R.framework/Versions/4.2/Resources/library,3.4,NA,4.2.0
systemfonts,/Library/Frameworks/R.framework/Versions/4.2/Resources/library,1.0.4,NA,4.2.0
systemPipeR,/Library/Frameworks/R.framework/Versions/4.2/Resources/library,2.2.2,NA,4.2.0
tcltk,/Library/Frameworks/R.framework/Versions/4.2/Resources/library,4.2.1,base,4.2.1
tensor,/Library/Frameworks/R.framework/Versions/4.2/Resources/library,1.5,NA,4.2.0
testthat,/Library/Frameworks/R.framework/Versions/4.2/Resources/library,3.1.4,NA,4.2.0
textshaping,/Library/Frameworks/R.framework/Versions/4.2/Resources/library,0.3.6,NA,4.2.0
threejs,/Library/Frameworks/R.framework/Versions/4.2/Resources/library,0.3.3,NA,4.2.0
tibble,/Library/Frameworks/R.framework/Versions/4.2/Resources/library,3.1.8,NA,4.2.0
tidygraph,/Library/Frameworks/R.framework/Versions/4.2/Resources/library,1.2.1,NA,4.2.0
tidyr,/Library/Frameworks/R.framework/Versions/4.2/Resources/library,1.2.0,NA,4.2.0
tidyselect,/Library/Frameworks/R.framework/Versions/4.2/Resources/library,1.1.2,NA,4.2.0
tidytree,/Library/Frameworks/R.framework/Versions/4.2/Resources/library,0.3.9,NA,4.2.0
tidyverse,/Library/Frameworks/R.framework/Versions/4.2/Resources/library,1.3.2,NA,4.2.0
timeDate,/Library/Frameworks/R.framework/Versions/4.2/Resources/library,4021.104,NA,4.2.0
tinytex,/Library/Frameworks/R.framework/Versions/4.2/Resources/library,0.40,NA,4.2.0
tmvnsim,/Library/Frameworks/R.framework/Versions/4.2/Resources/library,1.0-2,NA,4.2.0
tools,/Library/Frameworks/R.framework/Versions/4.2/Resources/library,4.2.1,base,4.2.1
topGO,/Library/Frameworks/R.framework/Versions/4.2/Resources/library,2.48.0,NA,4.2.0
treeio,/Library/Frameworks/R.framework/Versions/4.2/Resources/library,1.20.1,NA,4.2.1
truncnorm,/Library/Frameworks/R.framework/Versions/4.2/Resources/library,1.0-8,NA,4.2.0
TSP,/Library/Frameworks/R.framework/Versions/4.2/Resources/library,1.2-1,NA,4.2.0
tweenr,/Library/Frameworks/R.framework/Versions/4.2/Resources/library,1.0.2,NA,4.2.0
TxDb.Hsapiens.UCSC.hg38.refGene,/Library/Frameworks/R.framework/Versions/4.2/Resources/library,3.15.0,NA,4.2.1
tzdb,/Library/Frameworks/R.framework/Versions/4.2/Resources/library,0.3.0,NA,4.2.0
umap,/Library/Frameworks/R.framework/Versions/4.2/Resources/library,0.2.8.0,NA,4.2.0
urlchecker,/Library/Frameworks/R.framework/Versions/4.2/Resources/library,1.0.1,NA,4.2.0
usethis,/Library/Frameworks/R.framework/Versions/4.2/Resources/library,2.1.6,NA,4.2.0
utf8,/Library/Frameworks/R.framework/Versions/4.2/Resources/library,1.2.2,NA,4.2.0
utils,/Library/Frameworks/R.framework/Versions/4.2/Resources/library,4.2.1,base,4.2.1
uuid,/Library/Frameworks/R.framework/Versions/4.2/Resources/library,1.1-0,NA,4.2.0
V8,/Library/Frameworks/R.framework/Versions/4.2/Resources/library,4.2.0,NA,4.2.0
VariantAnnotation,/Library/Frameworks/R.framework/Versions/4.2/Resources/library,1.42.1,NA,4.2.0
vcfR,/Library/Frameworks/R.framework/Versions/4.2/Resources/library,1.13.0,NA,4.2.0
vctrs,/Library/Frameworks/R.framework/Versions/4.2/Resources/library,0.4.1,NA,4.2.0
vegan,/Library/Frameworks/R.framework/Versions/4.2/Resources/library,2.6-2,NA,4.2.0
VennDiagram,/Library/Frameworks/R.framework/Versions/4.2/Resources/library,1.7.3,NA,4.2.0
VGAM,/Library/Frameworks/R.framework/Versions/4.2/Resources/library,1.1-7,NA,4.2.0
vipor,/Library/Frameworks/R.framework/Versions/4.2/Resources/library,0.4.5,NA,4.2.0
viridis,/Library/Frameworks/R.framework/Versions/4.2/Resources/library,0.6.2,NA,4.2.0
viridisLite,/Library/Frameworks/R.framework/Versions/4.2/Resources/library,0.4.0,NA,4.2.0
vroom,/Library/Frameworks/R.framework/Versions/4.2/Resources/library,1.5.7,NA,4.2.0
waldo,/Library/Frameworks/R.framework/Versions/4.2/Resources/library,0.4.0,NA,4.2.0
webshot,/Library/Frameworks/R.framework/Versions/4.2/Resources/library,0.5.3,NA,4.2.0
whisker,/Library/Frameworks/R.framework/Versions/4.2/Resources/library,0.4,NA,4.2.0
withr,/Library/Frameworks/R.framework/Versions/4.2/Resources/library,2.5.0,NA,4.2.0
WRS2,/Library/Frameworks/R.framework/Versions/4.2/Resources/library,1.1-4,NA,4.2.0
wtfdbg,/Library/Frameworks/R.framework/Versions/4.2/Resources/library,0.0.0.9000,NA,4.2.1
xfun,/Library/Frameworks/R.framework/Versions/4.2/Resources/library,0.31,NA,4.2.0
XML,/Library/Frameworks/R.framework/Versions/4.2/Resources/library,3.99-0.10,NA,4.2.0
xml2,/Library/Frameworks/R.framework/Versions/4.2/Resources/library,1.3.3,NA,4.2.0
xopen,/Library/Frameworks/R.framework/Versions/4.2/Resources/library,1.0.0,NA,4.2.0
xtable,/Library/Frameworks/R.framework/Versions/4.2/Resources/library,1.8-4,NA,4.2.0
XVector,/Library/Frameworks/R.framework/Versions/4.2/Resources/library,0.36.0,NA,4.2.0
yaml,/Library/Frameworks/R.framework/Versions/4.2/Resources/library,2.3.5,NA,4.2.0
yulab.utils,/Library/Frameworks/R.framework/Versions/4.2/Resources/library,0.0.5,NA,4.2.0
zeallot,/Library/Frameworks/R.framework/Versions/4.2/Resources/library,0.1.0,NA,4.2.0
zip,/Library/Frameworks/R.framework/Versions/4.2/Resources/library,2.2.0,NA,4.2.0
zlibbioc,/Library/Frameworks/R.framework/Versions/4.2/Resources/library,1.42.0,NA,4.2.0
zoo,/Library/Frameworks/R.framework/Versions/4.2/Resources/library,1.8-10,NA,4.2.0
